Model,Validation_Accuracy,Test_Accuracy
Gradient Boosting,0.9848484848484849,1.0
Voting (Hard),0.9878787878787879,1.0
Voting (Soft),0.990909090909091,1.0
Stacking,0.990909090909091,1.0
Random Forest (Baseline),0.990909090909091,0.996969696969697
Random Forest (Optimized),0.9878787878787879,0.996969696969697
XGBoost (Baseline),0.9878787878787879,0.990909090909091
XGBoost (Optimized),0.9878787878787879,0.990909090909091
