Model,Accuracy,Precision,Recall,F1_Score,Tree_Depth,Num_Leaves,Num_Nodes
Basic Tree,0.9939393939393939,0.9943181818181818,0.9939393939393939,0.9939326524421073,17,37,73
Best Tuned Tree,0.9939393939393939,0.9943181818181818,0.9939393939393939,0.9939326524421073,15,35,69
Pruned Tree,0.9878787878787879,0.9880411255411256,0.9878787878787879,0.9877675531735599,13,29,57
Visualization Tree,0.3181818181818182,0.23853040898495442,0.3181818181818182,0.24720893141945774,4,7,13
