Feature,Random_Forest,Gradient_Boosting,AdaBoost,XGBoost,Best_Random_Forest
N,0.11335464979743437,0.11647787570103357,0.0,0.15623401,0.10791463460850148
P,0.14819849199306467,0.11552180815954854,0.01,0.17113721,0.15287897815574034
K,0.1685653100306325,0.1847652810847211,0.0,0.16352946,0.17312776229638718
temperature,0.07266611068006427,0.055499323678784206,0.0,0.09001157,0.06338712988789058
humidity,0.20878017109978567,0.2409851063787063,0.5,0.16855536,0.2068473510192414
ph,0.05407054465403944,0.03902626923292562,0.0,0.070911005,0.052145528346432976
rainfall,0.234364721744979,0.24772433576428066,0.49,0.17962141,0.2436986156858061
