Best_Model,Best_Accuracy,RF_Accuracy,GB_Accuracy,Ada_Accuracy,XGB_Accuracy,Best_RF_Accuracy
Random Forest,0.9939393939393939,0.996969696969697,0.9818181818181818,0.18181818181818182,0.990909090909091,1.0
