Model,Accuracy,Precision,Recall,F1_Score
Random Forest,0.9939393939393939,0.9943181818181818,0.9939393939393939,0.9939326524421073
Gradient Boosting,0.990909090909091,0.9912878787878788,0.990909090909091,0.9909023494118042
AdaBoost,0.18181818181818182,0.09358288770053476,0.18181818181818182,0.1111111111111111
XGBoost,0.990909090909091,0.9912878787878788,0.990909090909091,0.9909023494118042
Best Random Forest,0.9939393939393939,0.9943181818181818,0.9939393939393939,0.9939326524421073
