Feature,Random_Forest,Gradient_Boosting,XGBoost,Average
rainfall,0.21900204230863035,0.23638051860418668,0.18005143,0.21181133065755145
humidity,0.20995346261250647,0.24805693300082998,0.16805778,0.2086893933504899
K,0.18142671282853745,0.17310277068236035,0.18344088,0.17932345416607007
P,0.16101153339527738,0.135370403386853,0.16431966,0.15356720034067126
N,0.10435402239091623,0.11287116579096433,0.14422718,0.12048412169551964
temperature,0.07558804870844249,0.05650601619719599,0.09237095,0.07482167153040402
ph,0.0486641777556895,0.037712192337609744,0.06753212,0.05130283074282053
