Components,LDA_Direct_Accuracy,LDA_LR_Accuracy,Explained_Variance
1,0.9606060606060606,0.31212121212121213,0.8440285460701077
2,0.9606060606060606,0.7,0.9371348213596314
3,0.9606060606060606,0.8878787878787879,0.9614910058084228
4,0.9606060606060606,0.9666666666666667,0.9796963472491284
5,0.9606060606060606,0.9696969696969697,0.9961857175794985
6,0.9606060606060606,0.9787878787878788,0.9987212273199068
7,0.9606060606060606,0.9818181818181818,1.0
