Model,R²,MSE,MAE
Simple LR (N~Temp),0.0011221859744239282,1360.5793037409237,32.68232719440888
Multivariate LR (N),0.07473590832056165,1260.309475250248,29.943706280386664
LR (N),0.07473590832056165,1260.309475250248,29.943706280386664
LR (P),0.6271878636787496,399.8198970303542,16.826508496086145
LR (K),0.6523228855492998,892.6614191642327,25.455813195675443
