Model,CV_Mean,CV_Std,Test_Accuracy,Overfitting_Score,Is_Overfitting
Logistic Regression,0.9705882352941175,0.003382115144565125,0.9757575757575757,0.005169340463458183,False
Random Forest,0.9941176470588236,0.0010695187165775443,0.9939393939393939,-0.00017825311942964994,True
Gradient Boosting,0.9850267379679144,0.005505684567372698,0.990909090909091,0.005882352941176561,True
XGBoost,0.9898395721925134,0.004278074866310147,0.990909090909091,0.0010695187165775666,True
SVM Best,0.9850267379679144,0.008215129142105447,0.9939393939393939,0.0089126559714795,True
Voting Classifier,0.9914438502673797,0.0031181560935001733,0.9939393939393939,0.002495543672014211,True
Stacking Classifier,0.9919786096256684,0.0037813196854895744,0.9939393939393939,0.0019607843137254832,True
