Components,Explained_Variance,Accuracy,Model
Original (7),1.0,0.9666666666666667,Logistic Regression
PCA (2),0.7449756693365527,0.6575757575757576,Logistic Regression
PCA (3),0.9027486840489718,0.8454545454545455,Logistic Regression
PCA (4),0.9677458368078762,0.9575757575757575,Logistic Regression
PCA (5),0.9972426205947375,0.9787878787878788,Logistic Regression
PCA (6),0.9999333349752627,0.990909090909091,Logistic Regression
