Component,Explained_Variance_Ratio,Cumulative_Variance_Ratio,Eigenvalue
PC1,0.2753262418420432,0.2753262418420432,1.92853598899105
PC2,0.1853198056378986,0.46064604747994176,1.2980815495624087
PC3,0.15192974341813967,0.6125757908980815,1.0641992423960662
PC4,0.14822079838770727,0.7607965892857887,1.0382197573875793
PC5,0.11574772676965109,0.8765443160554398,0.8107605552805971
PC6,0.09571140610791919,0.972255722163359,0.6704151772861396
PC7,0.027744277836641004,1.0,0.19433613715333986
