Feature,Importance
humidity,0.022038759499064694
rainfall,0.01602898048522993
K,0.015631466888620292
P,0.014341335908255747
N,0.01290527808161283
ph,0.00952786412827444
temperature,0.008310077593658802
