Parameter,Best_Value,CV_Score
C,100,0.9863636248713729
gamma,scale,0.9863636248713729
