Model,Accuracy,Precision,Recall,F1_Score
Linear SVM,0.990909090909091,0.9914772727272727,0.990909090909091,0.9908989786631611
RBF SVM,0.9818181818181818,0.9847488038277513,0.9818181818181818,0.9815920518662126
Polynomial SVM,0.990909090909091,0.9914772727272727,0.990909090909091,0.9908989786631611
Best RBF SVM,0.9878787878787879,0.9884469696969697,0.9878787878787879,0.9878686756328581
