Criterion,Accuracy,Precision,Recall,F1_Score,Tree_Depth,Num_Leaves
gini,0.9848484848484849,0.9886363636363636,0.9848484848484849,0.9844155844155845,10,29
entropy,0.9878787878787879,0.9889705882352942,0.9878787878787879,0.9878449901044452,10,39
