Feature,Importance
humidity,0.5500037661727605
rainfall,0.48915443839093
P,0.39086122036283494
N,0.38889726230512295
K,0.3470825776415679
temperature,0.16741136540881443
ph,0.1149149366278114
