Parameter,Best_Value,CV_Score
C,100.0,0.98701339745097
gamma,0.1,0.98701339745097
