Model,Accuracy,Precision,Recall,F1_Score
Linear SVM,0.07272727272727272,0.02346880848685903,0.07272727272727272,0.02606858894530127
RBF SVM,0.045454545454545456,0.002066115702479339,0.045454545454545456,0.003952569169960475
Polynomial SVM,0.09090909090909091,0.010232732264303988,0.09090909090909091,0.01808080808080808
Best RBF SVM,0.045454545454545456,0.002066115702479339,0.045454545454545456,0.003952569169960475
